{
  "Logistic Regression": {
    "Accuracy": 0.913814032532168,
    "AUC Score": 0.9369539836784753,
    "Precision": 0.7003676470588235,
    "Recall": 0.4105603448275862,
    "F1 Score": 0.5176630434782609,
    "MCC": 0.4942903830842881
  },
  "Decision Tree": {
    "Accuracy": 0.9161204175770818,
    "AUC Score": 0.9213254457757442,
    "Precision": 0.6357388316151202,
    "Recall": 0.5980603448275862,
    "F1 Score": 0.6163242642976124,
    "MCC": 0.5696215133007397
  },
  "K-Nearest Neighbors": {
    "Accuracy": 0.9026462733673222,
    "AUC Score": 0.8595774712250578,
    "Precision": 0.6097560975609756,
    "Recall": 0.3771551724137931,
    "F1 Score": 0.46604527296937415,
    "MCC": 0.430296223208791
  },
  "Naive Bayes": {
    "Accuracy": 0.85360524399126,
    "AUC Score": 0.8606345670786357,
    "Precision": 0.4023876404494382,
    "Recall": 0.6174568965517241,
    "F1 Score": 0.4872448979591837,
    "MCC": 0.41893814652819206
  },
  "Random Forest": {
    "Accuracy": 0.9210973537266327,
    "AUC Score": 0.9534218890041984,
    "Precision": 0.7050147492625368,
    "Recall": 0.5150862068965517,
    "F1 Score": 0.5952677459526775,
    "MCC": 0.5610908918426557
  },
  "XGBoost": {
    "Accuracy": 0.9219470745326536,
    "AUC Score": 0.9547130023821879,
    "Precision": 0.6829268292682927,
    "Recall": 0.5732758620689655,
    "F1 Score": 0.6233157586408905,
    "MCC": 0.5829136855117846
  }
}